{
  "schemaVersion": 1,
  "id": "reisminimap",
  "version": "${version}",

  "name": "Rei's minimap",
  "description": "Rei's minimap ported to Fabric!",
  "authors": [
    "ReiNFSK",
    "lijek"
  ],
  "contact": {
    "homepage": "https://glass-launcher.net/",
    "sources": "https://github.com/calmilamsy/BIN-fabric-example-mod"
  },

  "license": "CC0-1.0",
  "icon": "assets/reisminimap/icon.png",

  "environment": "*",
  "mixins": [
    "reisminimap.mixins.json"
  ],

  "depends": {
    "minecraft": "1.0.0-beta.7.3"
  }
}
